UniqueAnimalID,min,max,dias_tracking,TotalDistance_km,distance_per_day,AvgLatitude,AvgLongitude,Year
1,1986-07-01,1986-11-30,153,2261.8656756526575,14.78343578857946,70.25620913978494,-143.78848306451613,1986
3,1985-07-01,1986-11-22,510,4553.310927940178,8.928060643019956,72.12753375609756,-143.76726878048783,1985
4,1988-07-01,1990-11-28,881,7025.163607106036,7.974079009200948,71.30490988467875,-145.28080271828665,1988
5,1992-07-01,2002-11-30,3805,18633.115968228383,4.8970081388248055,70.22962106270943,-143.90006364289133,1992
10,1998-07-01,1999-11-30,518,7340.151230194363,14.170176120066339,73.29809148936171,-148.657747299509,1998
12,1987-07-01,1989-11-08,862,4672.042496187549,5.420002895809222,73.7401940463065,-142.7916412348401,1987
13,1992-07-01,1992-11-30,153,3033.601757181327,19.82746246523743,72.24373606557377,-152.36379524590163,1992
14,1989-07-01,1989-11-30,153,3020.9628556888506,19.7448552659402,71.88670721311476,-149.91667983606558,1989
16,1990-07-01,1990-11-06,129,2548.753531831097,19.757779316520132,71.29554636363636,-150.1861790909091,1990
17,1992-07-01,1993-11-30,518,6217.393745514949,12.002690628407237,70.41120989492119,-146.2962694395797,1992
19,1986-07-01,1989-11-30,1249,7922.49977508639,6.343074279492707,70.1660684021544,-142.2347582286056,1986
20,1992-07-01,1993-11-30,518,6112.68511138833,11.800550408085579,72.01540777414075,-147.35594901800326,1992
21,2000-07-01,2000-11-30,153,2983.097446039739,19.49736892836431,70.80635229508196,-137.86344049180326,2000
22,1992-07-01,1993-11-30,518,5973.141192958019,11.53116060416606,70.66551123919308,-143.89509279538905,1992
24,1987-07-01,1989-11-10,864,10961.436743395323,12.686848082633476,71.0705160663236,-147.97761846769583,1987
25,1985-07-01,1985-11-30,153,3129.17567607686,20.45212860180954,71.95804327868852,-156.57849770491802,1985
26,1986-07-01,1987-11-18,506,5322.801244271475,10.519370047967342,72.67864625407167,-156.6474671009772,1986
27,1986-07-01,1988-11-24,878,7094.680147529552,8.080501306981267,71.76309147485081,-148.05305848252343,1986
29,1999-07-01,1999-10-18,110,1827.5602478803776,16.614184071639794,72.11847290502793,-152.4952997206704,1999
30,1988-07-01,1988-11-20,143,2875.9748105812287,20.111711962106494,71.28059350877193,-142.72159438596492,1988
31,1986-07-01,1986-11-30,153,2669.4570156275618,17.447431474689946,71.02567409836065,-146.764161147541,1986
32,1992-07-01,1993-10-11,468,5085.640069815971,10.866752285931563,71.56105666251557,-144.91725591531755,1992
33,1989-07-01,1989-11-30,153,3810.1402499024557,24.90287745034285,72.11649918032786,-160.486898852459,1989
34,1989-07-01,1989-11-30,153,2692.063896506676,17.595188866056706,72.70741672131147,-169.13269344262295,1989
35,2004-07-01,2006-11-30,883,10456.839412467238,11.842400240619748,74.01098009814613,-155.82665049073063,2004
37,1991-07-01,1991-11-30,153,2354.589275036589,15.389472385860058,74.4416962295082,-155.57825081967215,1991
39,1991-07-01,1991-11-30,153,3880.9843017545372,25.365910468983902,70.65294704918033,-143.66062704918033,1991
40,1988-07-01,1989-11-30,518,6105.782272181743,11.787224463671318,70.92660727449079,-142.43757022308438,1988
41,1991-07-01,2000-11-30,3441,18884.120888454094,5.487974684235424,72.81193612156295,-147.17135001447178,1991
42,1986-07-01,1986-11-19,142,2626.9537224552755,18.499674101797716,73.25367791519434,-145.9951545936396,1986
43,1986-07-01,1987-11-30,518,5896.267538234095,11.382755865316785,73.7194705400982,-157.03174926350243,1986
44,1992-07-01,1992-11-30,153,3325.3512963635435,21.73432219845453,71.30627672131148,-147.8697544262295,1992
46,1989-07-01,1989-11-02,125,3212.8448921674817,25.702759137339854,72.49859812646369,-156.97473278688526,1989
48,1989-07-01,1989-11-30,153,2986.181895086316,19.517528726054355,72.05867786885246,-154.77562295081967,1989
49,1986-07-01,1986-10-09,101,1711.809795541102,16.948611837040612,70.04412581453634,-142.66951528822054,1986
50,1992-07-01,1992-11-30,153,2213.925084083204,14.470098588779113,71.79927,-141.53671147540985,1992
51,1991-07-01,1991-11-13,136,2760.6028214819903,20.298550157955813,71.82335405904058,-148.15179132841328,1991
52,1987-07-01,1993-10-25,2309,9295.685991088214,4.025849281545351,72.29699863663308,-148.8384378186129,1987
53,1988-07-01,1988-11-30,153,2912.082381861227,19.033218182099525,72.18772059308073,-150.30931565074135,1988
54,1998-07-01,2002-11-30,1614,12005.111273193883,7.438111073849989,71.97626271463614,-148.02129415372036,1998
55,1987-07-01,1989-11-30,884,11081.5017980982,12.535635518210633,72.11737156177156,-148.86930984848485,1987
56,1987-07-01,2004-11-03,6336,34022.903720170674,5.369776470986533,71.99586417410714,-143.34359581473214,1987
58,1987-07-01,1988-11-30,519,5884.415257772264,11.337987009195114,71.2783630266552,-145.02618598452278,1987
59,1987-07-01,1987-11-18,141,2431.8985870677734,17.24750770970052,75.9158754919499,-155.82757978533095,1987
60,2000-07-01,2001-11-30,518,5726.977783030529,11.055941666082102,70.59766309328968,-141.79600335515548,2000
62,1986-07-01,1986-11-30,153,2803.375365718836,18.322714808619843,71.93074196721311,-175.3109829508197,1986
64,1986-07-18,1986-11-30,136,2363.430142537332,17.378162812774498,67.59826822916666,-173.84988906249998,1986
65,1986-07-01,1986-11-30,153,2508.381318503053,16.394649140542832,71.4114439330544,-173.41217531380752,1986
67,1987-07-01,1987-11-24,147,1902.5090645100477,12.942238534081957,67.95742457420924,-174.62745279805355,1987
69,1987-07-01,1987-11-30,153,3447.0622191838356,22.52981842603814,71.9819206557377,-170.203588852459,1987
71,1987-07-01,1987-11-30,153,3392.681358219873,22.17438796222139,72.53577655737705,-163.79925393442622,1987
72,1988-07-01,1991-11-30,1248,4280.586467677766,3.429957105511031,70.28446694129762,-144.8805455200824,1988
73,1988-07-01,1988-11-30,153,2354.113429999867,15.38636228758083,72.19662032786886,-142.89221426229508,1988
74,1988-07-01,1988-11-30,153,3641.6646918364936,23.801730012003226,72.60941704918034,-157.58295459016392,1988
78,1989-07-01,1989-11-30,153,3475.5269111966227,22.71586216468381,72.56524327868853,-157.03756360655737,1989
79,1989-07-01,1989-11-30,153,3357.5451649169454,21.944739639980035,73.04256459016393,-163.6393832786885,1989
80,1989-07-01,1989-11-30,153,2766.3437766117836,18.08067827850839,72.88419495798318,-176.65125294117647,1989
81,1989-07-01,1990-11-14,502,6312.29954105978,12.574301874621074,72.69763903281519,-160.69594231433504,1989
82,1989-07-01,1989-11-30,153,3984.0497482436763,26.03954083819396,72.00544016393442,-162.04352409836065,1989
83,2001-07-01,2001-11-30,153,2622.5219779491704,17.140666522543597,70.90640934426229,-146.93822344262296,2001
87,1987-07-01,1988-11-30,519,5623.0947154691585,10.834479220557146,71.84810621669628,-168.73003889875665,1987
89,1987-07-01,1987-11-30,153,3727.0346012771574,24.35970327632129,68.51106659436009,-175.24014707158352,1987
90,1988-07-01,1989-11-30,518,5616.867470604397,10.843373495375284,69.626974650913,-175.30398163265306,1988
91,1988-07-01,1988-11-30,153,3349.17502146953,21.890032820062288,70.70548606557377,-154.54756524590164,1988
94,1988-07-01,1988-11-30,153,2350.526276171067,15.362916837719391,70.54154202247192,-176.04638359550563,1988
95,1988-07-01,1988-09-12,74,1404.7695272661656,18.98337199008332,69.03132978723404,-175.63316879432625,1988
96,1988-07-01,1988-11-23,146,3218.5752660961093,22.045036069151433,69.20309585492228,-170.75350034542313,1988
97,1988-07-01,1988-11-03,126,2355.623776166859,18.69542679497507,71.6026248,-160.5452516,1988
98,1988-07-01,1988-10-27,119,2818.9553920302865,23.688700773363752,70.84191719745222,-169.3407382165605,1988
99,1988-07-01,1989-11-07,495,6910.139573597043,13.959877926458672,71.7772670231729,-163.77036604278075,1988
100,1988-07-01,1989-10-30,487,6540.211563491353,13.429592532836455,71.58243282773564,-162.43574279523293,1988
101,1988-07-01,1989-11-30,518,4816.140265463488,9.297568080045343,71.85348005752635,-160.11985263662513,1988
102,1988-07-01,1988-11-10,133,3235.8212115107785,24.329482793314124,71.74891415094339,-161.1716728301887,1988
103,1988-07-01,1989-11-30,518,6708.032961206274,12.949870581479294,71.19541317512274,-159.91462700491,1988
105,1988-07-01,1988-11-30,153,3435.3143361222305,22.453034876615884,70.72512049180328,-164.59918016393442,1988
106,1989-07-01,1989-11-30,153,3152.0423213948525,20.601583799966356,72.50196180327869,-171.41234409836065,1989
107,1989-07-01,1989-11-30,153,3355.096528284382,21.92873547898289,72.66407475409835,-165.91630081967213,1989
108,1989-07-01,1989-11-30,153,3287.2606576510184,21.485363775496854,72.11761639344262,-164.38679803278688,1989
109,1989-07-01,1989-11-30,153,2977.2934494323035,19.459434310015055,72.7294468852459,-167.873421147541,1989
110,1989-07-01,1989-11-30,153,3395.280005288075,22.191372583582186,73.59204213114754,-173.7389026229508,1989
111,1989-07-01,1989-08-12,43,646.6169738869679,15.037604043882975,70.70581420118343,-177.92247159763315,1989
112,1989-07-01,1991-11-28,881,10571.191265495121,11.999082026668695,71.92973751369112,-167.42500153340634,1989
113,1990-07-01,1990-11-30,153,2617.0705528154394,17.105036292911368,72.56832305764411,-173.96607869674185,1990
114,1990-07-01,1990-11-15,138,2892.8362560784685,20.962581565786003,72.51383690721649,-176.58109195876287,1990
115,1990-07-01,1991-09-29,456,4175.9793680267685,9.157849491286774,71.83986077694236,-175.65689674185464,1990
117,1990-07-01,1990-11-30,153,4171.222813192343,27.26289420387152,72.39490819672132,-166.17336344262293,1990
118,1990-07-01,1990-11-30,153,2160.876839307689,14.123378034690777,69.18600796703296,-175.62361923076924,1990
119,1990-07-01,1990-09-07,69,1730.0369772503618,25.072999670295097,73.0069330882353,-165.94715955882353,1990
120,2008-08-30,2008-11-30,93,1168.894930945997,12.568762698344054,70.29104444444445,-145.99115718157182,2008
122,2006-07-01,2006-11-30,153,2286.202837148535,14.942502203585196,70.86751163934426,-150.29581147540983,2006
123,1998-07-01,1998-11-30,153,4527.6612944231965,29.592557479890175,75.30242360655738,-152.4971118032787,1998
124,2006-07-01,2007-11-30,518,7419.868746303752,14.324070938810333,73.689898510427,-151.70891062562066,2006
127,1992-07-01,1993-10-24,481,5330.724814269531,11.082587971454325,72.500847858473,-146.16540074487895,1992
128,1990-07-01,1992-11-30,884,6592.049696206938,7.457069792089297,71.6474868067227,-152.77286983193278,1990
130,1990-07-01,1990-11-30,153,3882.214386643823,25.37395023950211,73.79786225045372,-160.83036878402905,1990
131,1990-07-01,1990-11-30,153,3336.7236592655945,21.808651367748983,72.9186381967213,-160.83113770491804,1990
132,1990-07-01,1990-11-30,153,2945.9703096461094,19.25470790618372,72.67211365740741,-170.43508587962964,1990
133,1990-07-01,1991-11-27,515,6242.977742031166,12.122286877730419,71.8884632065776,-175.03903823227134,1990
138,1990-07-01,1990-11-30,153,2597.4075477912775,16.976519920204428,70.92830584269663,-176.59781528089886,1990
140,1990-07-01,1990-11-30,153,4117.2350953489895,26.910033302934572,72.04444646962233,-169.05029211822662,1990
142,1990-07-01,1990-11-30,153,3866.305583673401,25.26997113512027,72.4737708074534,-168.096183436853,1990
143,1990-07-01,1991-08-22,418,2564.2005328208174,6.134451035456501,69.99961901234569,-176.10310222222222,1990
144,1990-07-10,1991-08-18,405,2096.538738146732,5.176638859621561,72.00892125748503,-178.13045269461077,1990
145,1990-07-01,1990-10-18,110,2091.521994937663,19.013836317615116,73.00801510297482,-167.090718993135,1990
146,1990-07-01,1990-10-17,109,1252.8077560244053,11.493649137838581,72.89678617021276,-174.80371134751772,1990
147,1990-07-01,1990-10-28,120,2499.2165921933897,20.826804934944914,73.28199203354298,-173.3492603773585,1990
149,1990-07-01,1991-11-30,518,6254.394025390011,12.074119740135156,72.1515128463476,-166.83442544080603,1990
150,1990-07-01,1990-11-30,153,3134.718919564647,20.488358951402923,72.6122427378965,-172.71918914858097,1990
151,1990-07-01,1990-10-17,109,2277.289345657569,20.89256280419788,72.70526296296296,-175.62549675925928,1990
152,1991-07-01,1991-11-29,152,1004.6077290578836,6.609261375380814,70.80384794520548,-177.4877917808219,1991
153,1991-08-12,1991-11-30,111,2021.2484672032606,18.209445650479825,73.08771472222223,-177.9433836111111,1991
155,1991-07-01,1991-11-30,153,2666.0991526930516,17.42548465812452,70.28831080508475,-175.5934063559322,1991
156,1991-07-01,1991-11-30,153,2406.848955919637,15.731038927579325,72.07395921288015,-174.2649595706619,1991
158,1991-10-24,1991-11-28,36,593.8570792366802,16.49602997879667,69.09421449275362,-178.16004347826086,1991
159,1991-07-01,1991-11-30,153,1188.56012849759,7.768366852925426,69.29081650485436,-178.19398737864077,1991
163,1991-07-01,1991-11-30,153,2639.3569110608055,17.250698765103305,71.78830285204991,-177.08792424242426,1991
164,1991-09-23,1991-11-30,69,849.0838767630306,12.30556343134827,69.75089425287356,-177.20157356321837,1991
165,1991-07-01,1991-11-16,139,2308.0684774080223,16.604809189985772,70.88202337078651,-177.6117617977528,1991
167,1992-07-01,1992-11-30,153,2797.2161902098323,18.282458759541388,71.67353590163934,-159.71767606557376,1992
168,1992-07-01,1992-11-29,152,4249.751808945075,27.95889347990181,70.93264191419141,-146.507951650165,1992
169,1992-07-01,1993-11-30,518,7350.599166051469,14.190345880408241,72.1420894239037,-158.85366405846946,1992
170,1999-07-01,2000-10-27,485,6021.7911560823795,12.416064239345113,71.86627914171657,-153.9893741516966,1999
172,1992-07-01,1993-11-30,518,6954.337389981009,13.425361756720095,72.7831151391162,-154.86899050736497,1992
174,1992-07-01,1993-11-30,518,5925.172792679806,11.43855751482588,71.7459562338779,-164.6664969905417,1992
175,1992-07-01,1992-11-30,153,3636.125283863095,23.76552473113134,70.64808786885246,-173.95055081967212,1992
176,1992-07-01,1992-11-30,153,3030.5888838630003,19.80777048276471,72.04481491803278,-164.11742573770493,1992
179,1992-07-01,1993-11-27,515,3810.084597537734,7.398222519490746,71.17576644993498,-177.11103042912873,1992
180,1992-07-01,1992-11-30,153,3271.806988011143,21.38435939876564,71.6564392014519,-166.37464700544464,1992
181,1992-07-01,1992-11-30,153,3169.6388652601795,20.716593890589408,71.27525163934426,-166.1840895081967,1992
182,1993-07-01,1993-11-30,153,4059.164331732318,26.530485828315804,70.80589691470054,-176.7164284936479,1993
183,1992-07-01,1992-11-30,153,3382.4501895309863,22.107517578633896,71.80604114754098,-167.67024196721312,1992
184,1992-07-01,1993-11-30,518,7792.733783814004,15.043887613540548,71.56292368200836,-167.81775974895396,1992
186,1992-07-01,1993-08-29,425,5631.191366726228,13.24986203935583,71.72869929328621,-167.4928858657244,1992
187,1992-07-01,1992-11-30,153,3428.6314097598197,22.409355619345227,70.32131278688524,-172.43358196721312,1992
188,1992-08-22,1992-11-30,101,944.0845269857639,9.347371554314494,69.71379710144929,-177.60571666666667,1992
189,1992-07-01,1992-11-30,153,3391.3322958625713,22.165570561193277,71.67663590163934,-166.39723475409838,1992
190,1992-07-01,1992-11-30,153,3668.285666024955,23.975723307352645,71.56553180327869,-165.81347409836064,1992
191,1992-07-01,1992-11-30,153,1980.8046670943527,12.946435732642827,71.43327655913978,-179.19841161290324,1992
192,1992-07-01,1993-10-26,483,6930.439453449741,14.348735928467374,73.71998114602587,-166.3687296672828,1992
193,1992-07-01,1992-11-22,145,3612.058330701803,24.910747108288295,71.55706869565218,-162.98709686956522,1992
195,1992-10-22,1992-11-30,40,527.0817188447832,13.17704297111958,68.90597,-178.35193222222222,1992
196,1992-08-18,1992-09-23,37,607.4982491557314,16.418871598803552,72.59699716981133,-178.91550566037736,1992
202,1993-07-01,1993-11-30,153,2179.4045835775173,14.244474402467434,71.15819973544974,-177.06207857142857,1993
203,1993-07-01,1993-11-30,153,3259.9715155425642,21.307003369559244,72.31663220338983,-172.00713745762712,1993
204,1986-07-01,1987-11-17,505,5151.823466360959,10.201630626457344,72.59819649289099,-149.12396360189572,1986
207,1991-07-01,1991-11-30,153,2741.243287118221,17.91662279162236,71.39985584415584,-143.4153241187384,1991
208,1992-07-01,1992-11-30,153,3425.70595824842,22.3902350212315,70.45179999999999,-144.5793093442623,1992
209,1987-07-01,1987-11-30,153,3105.7547319330256,20.29905053550997,71.58740837209302,-157.04018813953488,1987
211,2008-07-01,2008-11-30,153,2973.5345795632757,19.434866533093306,71.34658491803279,-136.03286524590163,2008
212,1991-07-01,1992-10-28,486,6456.90037635986,13.285803243538806,70.17599336683418,-142.52944100502515,1991
214,1988-07-01,1989-10-13,470,5549.532546916252,11.807516057268622,72.41697322297955,-130.74709717624148,1988
215,2009-08-19,2009-11-14,88,849.9745408373552,9.658801600424491,70.23636017191977,-144.93795157593124,2009
235,1993-07-01,1993-11-30,153,3077.0099366862187,20.11117605677267,72.31718169014086,-168.5277810865191,1993
236,1993-07-01,1993-11-30,153,2589.0603636210058,16.921963160921607,70.72610628140704,-174.39706231155776,1993
237,1993-08-12,1994-08-31,385,1951.8540207191522,5.069750703166629,70.69046956521738,-176.56910724637683,1993
239,1993-07-01,1993-11-30,153,3658.870981163652,23.914189419370274,73.09696152570481,-171.14277976782753,1993
240,1993-07-01,1993-11-30,153,1548.8183176361506,10.12299554010556,70.90472784313727,-178.39065764705884,1993
241,1993-07-01,1993-11-23,146,1904.9089620020036,13.04732165754797,69.4064527173913,-175.23231739130435,1993
242,1993-07-01,1994-11-07,495,6297.976054086158,12.723183947648804,72.28275943905071,-172.49870118662352,1993
243,1993-07-03,1993-09-26,86,922.3940386319833,10.725512077116086,74.68567518248175,-178.29104014598542,1993
244,1993-07-01,1993-11-30,153,3145.7962319623166,20.560759686028213,72.29367829099307,-177.00318799076211,1993
245,1993-07-01,1993-11-21,144,2789.5351692059667,19.37177200837477,68.94663139240507,-176.7925658227848,1993
246,1993-07-01,1993-11-30,153,2950.439755112078,19.283919968052796,73.58881614100186,-173.79572708719854,1993
247,1993-07-01,1993-11-30,153,3244.4673026959094,21.205668645071302,72.287144,-172.4645623529412,1993
248,1993-07-01,1993-11-30,153,1354.8049837811895,8.854934534517579,69.3308709090909,-175.75687484848484,1993
249,1993-08-06,1994-11-30,482,5189.840607031459,10.767304163965681,68.05557307692308,-174.7978605065666,1993
250,1993-07-01,1993-11-01,124,1859.148471410717,14.993132833957397,72.10183489208633,-174.8157334532374,1993
252,1995-07-01,1995-08-01,32,799.7443814865782,24.992011921455568,69.1991208,-177.5143832,1995
253,1995-07-01,1995-11-30,153,4154.634279966807,27.154472418083706,72.39384491803278,-162.52978672131147,1995
254,1995-07-01,1995-11-13,136,2424.9111629624617,17.830229139429864,72.05823397435897,-166.57219508547007,1995
258,2002-07-01,2004-10-21,844,7943.693363698189,9.411958961727713,71.27489091995221,-135.63984838709678,2002
259,2003-07-01,2004-11-30,519,7217.91204106705,13.90734497315424,71.56979516407598,-144.36031675302246,2003
260,2007-07-01,2007-10-19,111,2416.8693171081127,21.77359745142444,75.38216131221719,-152.8045814479638,2007
261,2009-07-01,2009-11-02,125,3191.6900338976343,25.533520271181075,75.20842756539236,-148.62245754527163,2009
262,2005-07-01,2005-11-30,153,2224.087854186269,14.536521922786072,70.89669459016393,-150.4313518032787,2005
263,2008-07-01,2008-11-30,153,3123.0553102135673,20.41212621054619,74.52556868852459,-167.06530098360656,2008
264,2005-07-01,2005-11-23,146,2531.6077613317607,17.339779187203842,71.01454037800687,-151.33388144329896,2005
265,2008-07-01,2009-11-30,518,8066.391276810925,15.572183932067423,74.50985260115607,-160.72635846407928,2008
266,2004-07-01,2004-11-30,153,3750.974326316466,24.51617206742788,73.13794,-149.4240418032787,2004
267,2003-07-01,2005-11-30,884,9497.559347255617,10.743845415447531,72.9882645038168,-147.21190169029444,2003
268,2004-07-01,2004-11-30,153,4220.82658153077,27.587101840070396,72.56181672131147,-150.16723295081968,2004
269,2004-07-01,2004-11-30,153,4147.731932189736,27.10935903391984,72.45153360655738,-144.52943967213113,2004
270,2003-07-01,2004-11-30,519,10268.306732651872,19.78479139239282,72.91215237315876,-154.27118117839606,2003
271,2003-07-01,2004-11-30,519,7324.883332489705,14.113455361251841,73.93144846356454,-139.5654804214223,2003
274,1991-07-01,1991-11-30,153,2251.2738894176377,14.714208427566259,71.37403573770492,-144.44666049180327,1991
275,2000-07-01,2001-11-30,518,2970.601112014135,5.734751181494469,70.29178267223382,-145.79232066805844,2000
276,1992-07-01,2008-11-30,5997,10708.100728995043,1.785576242953984,71.21410670800451,-146.2731552423901,1992
277,1992-07-01,1994-11-07,860,10237.63359494556,11.904225110401814,71.02698821161587,-143.42132834962624,1992
278,1992-07-01,1993-11-30,518,7110.429854899089,13.726698561581253,73.5390139116203,-143.97754369885433,1992
279,1992-07-01,1994-10-16,838,9332.364032607182,11.136472592610001,71.96336828591255,-159.86551346287303,1992
280,1999-07-01,2009-11-30,3806,15130.945117901287,3.9755504776409056,73.68584858490566,-157.12904296740996,1999
282,2004-07-01,2006-11-30,883,9780.806149898535,11.076790656736733,74.7169707347447,-167.21947166874222,2004
283,1999-07-01,1999-11-27,150,3529.496454689159,23.529976364594393,74.25925929648241,-154.90291474036852,1999
284,1998-07-01,1998-10-23,115,3861.0880721969666,33.574678888669276,72.72580917030567,-164.83764388646287,1998
285,2002-07-01,2006-11-30,1614,4907.622897934742,3.0406585489062836,70.41866067125645,-147.1901574010327,2002
286,2009-07-01,2009-10-25,117,1380.539811935738,11.799485572100325,70.98822854077252,-153.06135922746782,2009
288,2004-07-01,2005-11-30,518,5619.20063267601,10.847877669258708,71.24078126022913,-147.67175343698852,2004
292,1998-07-01,2006-11-30,3075,12616.38378211155,4.102889034833025,73.71007055616138,-152.06139193020718,1998
293,2007-07-01,2010-11-30,1249,5997.158801244562,4.801568295632155,70.59519953703703,-148.07043822751322,2007
294,1999-07-01,2001-11-30,884,8159.044948924673,9.22968885624963,71.37990856052345,-146.7139370774264,1999
295,1999-07-01,1999-11-30,153,2951.270615859535,19.28935043045448,71.80764377049181,-148.53065196721312,1999
296,1999-07-01,1999-11-30,153,3793.7152774762885,24.795524689387506,72.20549266666666,-149.42870044444444,1999
297,1999-07-01,2007-11-30,3075,22401.384139239435,7.2850029721103855,73.83970400801604,-145.6277631012024,1999
298,1999-07-01,1999-10-28,120,2052.8584510936407,17.10715375911367,72.14029716088328,-154.37188170347002,1999
299,1999-07-01,1999-11-30,153,3074.5305616168375,20.094970990959723,72.47603983606557,-152.3420293442623,1999
300,2008-07-01,2008-11-30,153,4311.790549395565,28.18163757774879,75.07245356521739,-151.34087026086956,2008
301,2004-07-01,2005-11-02,490,6662.590457136231,13.597123381910675,72.89877137614678,-139.45558587155963,2004
302,2006-07-01,2009-11-02,1221,10178.720685394474,8.336380577718652,72.73395563770795,-147.94086678989524,2006
303,1999-07-01,2002-10-17,1205,14666.166306320696,12.17109237039062,73.70731801762113,-144.93237158590307,1999
304,2008-07-01,2009-11-30,518,5861.5173212302925,11.315670504305585,74.12253109656301,-146.92455752864157,2008
305,2000-07-01,2000-11-30,153,2256.0172719424886,14.745210927728683,69.87775931558934,-141.43484144486692,2000
306,2008-08-17,2008-11-18,94,1418.5337428949815,15.090784498882782,70.04876469002696,-143.09451994609165,2008
308,2002-07-01,2002-11-30,153,3131.32113959726,20.466151239197778,71.51351655737705,-142.2358181967213,2002
309,2000-07-01,2000-11-26,149,3493.0177174419127,23.443071929140356,71.55246345177665,-137.41554585448392,2000
310,2009-07-01,2012-11-30,1249,5250.7372081986505,4.203952928902042,72.33042048736462,-155.21753790613718,2009
311,2013-07-01,2013-11-30,153,3837.3425070223884,25.080669980538488,72.07164442622951,-146.62937213114753,2013
312,2000-07-01,2001-11-30,518,7208.802786180513,13.916607695329176,71.95741775777414,-153.12254705400983,2000
313,2013-07-01,2014-11-30,518,4077.2472629902527,7.871133712336396,70.6397612111293,-148.97480736497545,2013
314,2000-07-01,2002-11-15,868,12700.806844115656,14.632265949441999,71.55852732919254,-146.82601592320722,2000
315,2000-07-01,2002-11-30,883,12331.755454580541,13.96574796668238,71.14763642311887,-144.95265812431842,2000
316,2000-10-16,2009-11-25,3328,10730.020540444822,3.2241648258548143,70.7830886728972,-151.2007303551402,2000
317,2001-07-01,2003-11-30,883,12149.359375075315,13.75918389023252,71.93525272417706,-152.6314273552781,2001
320,2008-07-01,2009-10-15,472,5988.459777400799,12.687414782628812,73.99342687861272,-142.59003477842006,2008
321,2002-07-01,2002-11-30,153,1723.0215752061963,11.261578922916316,72.27887688524591,-128.90316147540983,2002
322,2004-07-01,2004-11-30,153,3563.22605507774,23.28905918351464,71.83391426229508,-140.73474885245903,2004
323,2001-07-01,2002-10-16,473,4072.8541050724803,8.610685211569725,73.29224315906562,-154.6554978865406,2001
324,2009-08-07,2009-10-07,62,590.4162465983422,9.522842687070035,70.3597624489796,-147.9289493877551,2009
325,2001-10-14,2002-11-30,413,2569.4240439588716,6.22136572387136,70.19415692883895,-143.86055468164795,2001
326,2008-08-24,2009-11-30,464,1595.5412976850348,3.438666589838437,70.49512867383513,-147.36726260454003,2008
327,2002-07-01,2005-11-30,1249,7047.615296016683,5.642606321870843,71.31708870703764,-145.72966898527005,2002
328,2002-07-01,2007-11-30,1979,14176.12723514797,7.163278036962087,71.4153728536386,-138.37509799672935,2002
329,2003-07-01,2005-11-30,884,9563.665834328505,10.818626509421387,73.00478959505062,-145.4582505624297,2003
330,2004-07-01,2005-11-30,518,8808.973967415906,17.00574124983766,73.98024004914005,-168.61368574938575,2004
332,2004-07-01,2004-11-30,153,3883.8551262595497,25.384674027840195,74.10403573770492,-143.71101311475408,2004
333,2004-07-01,2004-11-30,153,3319.4230788647014,21.695575678854258,74.08531901639344,-135.50969475409835,2004
334,2004-07-01,2004-11-30,153,3615.872967372105,23.633156649490882,71.21828606557376,-133.0280955737705,2004
336,2004-07-01,2004-11-30,153,3253.741834627038,21.26628650083031,73.06739081967213,-137.53270262295084,2004
337,2004-07-01,2005-11-30,518,7259.779047733627,14.015017466667233,71.32203396072013,-142.90395229132568,2004
338,2004-07-01,2004-11-30,153,3120.100236577714,20.39281200377591,74.35729590163935,-133.8575195081967,2004
339,2008-07-01,2009-10-18,475,5066.047797924904,10.665363785105061,70.33425685714286,-145.07809266666666,2008
341,2004-07-01,2004-11-30,153,3659.16573436244,23.91611591086562,72.26359927272728,-130.48923127272727,2004
342,2004-07-01,2004-11-30,153,3811.3692155499352,24.910909905555133,74.45481,-138.55325852459015,2004
343,2004-10-09,2005-11-30,418,2794.804722145953,6.686135698913763,70.63561887941535,-149.8757891595615,2004
344,2007-07-01,2009-11-30,884,9487.014447296435,10.731916795584203,75.47417283415842,-164.02219548267328,2007
347,2005-07-01,2006-11-17,505,6438.459269074984,12.749424295197988,73.2768241025641,-155.20787376068378,2005
348,2005-07-01,2006-11-20,508,6190.271008090412,12.185572850571676,72.44386175438596,-153.7320248245614,2005
349,2005-07-01,2010-11-30,1979,10388.282083563741,5.249258253443022,72.95359304093567,-159.2485650877193,2005
350,2005-07-01,2006-11-30,518,5207.1508577046525,10.052414783213615,75.08493919803601,-154.44010351882162,2005
351,2005-07-01,2015-11-30,3805,8210.870455091152,2.1579160197348624,73.39566638725901,-156.75904459346185,2005
352,2005-07-01,2006-10-20,477,5642.641272023783,11.829436628980677,71.56343109640832,-134.7562584120983,2005
353,2006-07-01,2006-11-30,153,2901.3360660858298,18.96298082409039,76.74777918032787,-145.07285016393442,2006
354,2006-07-01,2007-11-23,511,10198.546162636501,19.95801597384834,75.7328974036851,-157.5950920435511,2006
355,2006-07-01,2007-11-30,518,5450.260356827619,10.52173814059386,74.7338783887468,-157.02352749360614,2006
356,2014-07-01,2015-10-12,469,3098.85603166661,6.607368937455458,70.6706177734375,-149.56440634765625,2014
358,2007-07-01,2007-10-30,122,2703.151229736786,22.156977292924473,76.63888106995886,-158.077229218107,2007
360,2007-07-01,2007-11-30,153,5338.03619846863,34.88912548018712,73.45364573770492,-135.78304606557379,2007
361,2007-07-01,2009-11-02,856,7240.928154835845,8.459028218266173,72.56321614066727,-151.2973487826871,2007
362,2007-07-01,2009-10-17,840,8421.515284454144,10.025613433873982,71.63255525657071,-138.32493898623278,2007
363,2007-07-01,2009-11-30,884,10334.124722288663,11.690186337430614,73.25075899408284,-144.96046402366864,2007
364,2008-07-01,2008-10-31,123,2864.366448828296,23.287532104295092,73.43187653061224,-133.6438867346939,2008
365,2008-07-01,2009-10-31,488,7426.7676737648035,15.218786216731155,75.29079328493647,-159.24302577132488,2008
367,2009-08-12,2009-09-15,35,474.77599979795116,13.565028565655748,70.30103868613139,-146.47116642335766,2009
369,2008-07-01,2008-11-30,153,2023.8209702488268,13.227588040842006,70.16804442622951,-144.52827819672132,2008
370,2008-07-01,2011-10-09,1196,9603.972399272465,8.030077256916776,74.07950062500001,-168.37970921875,2008
371,2008-07-01,2011-11-11,1229,12717.10943031709,10.347525980729936,74.95204358851676,-141.79610444976078,2008
373,2008-07-01,2008-11-23,146,2972.7675776905285,20.36142176500362,70.60807728055077,-147.14347555938036,2008
374,2008-08-11,2008-10-20,71,306.52626344021496,4.317271316059366,70.12960640569395,-143.93945800711742,2008
375,2009-08-18,2009-10-30,74,722.8205137932592,9.76784478098999,70.23999897610922,-145.15327781569965,2009
377,2008-08-23,2008-11-15,85,1603.7439789774478,18.86757622326409,70.03151526946108,-142.57920688622755,2008
378,2009-08-08,2009-10-11,65,565.0927066455175,8.693733948392577,70.06134132231405,-144.6649256198347,2009
379,2008-08-28,2011-08-16,1084,6900.869604661071,6.366115871458553,71.81064361799817,-167.27215941230486,2008
380,2008-08-29,2008-11-30,94,1522.4919088880056,16.19672243497878,70.2854471849866,-140.63348069705094,2008
381,2009-07-01,2009-11-30,153,3473.3719662957883,22.701777557488814,75.11367081967214,-171.97815573770492,2009
382,2009-07-01,2009-11-30,153,3762.938095791555,24.59436663916049,73.95104377049181,-154.68918262295082,2009
383,2009-07-01,2013-11-30,1614,6196.357334421643,3.8391309383033723,72.29707161936561,-156.08120684474125,2009
384,2009-07-01,2009-11-30,153,3308.767384972809,21.625930620737314,73.2598562295082,-151.1216368852459,2009
385,2009-07-01,2014-11-30,1979,6697.730612111455,3.3844015220371175,74.17084099746408,-160.35592916314454,2009
386,2009-07-01,2009-11-01,124,3333.353566406216,26.88188360005013,72.95208299595141,-153.08492408906883,2009
388,2009-07-01,2009-11-30,153,4449.286761902031,29.080305633346608,72.59992131147541,-153.04204229508196,2009
389,2008-07-01,2008-11-17,140,3467.209815511213,24.765784396508664,73.32101584362141,-155.470403909465,2008
394,2008-07-01,2010-11-30,883,4983.598864587737,5.643939823995172,71.82735765877958,-170.96425902864257,2008
395,2008-07-01,2008-11-29,152,3962.5597953304214,26.06947233770014,74.71707504587155,-164.73579963302754,2008
396,2009-07-01,2011-11-30,883,3590.8812040427542,4.066683130286245,72.14644219858155,-172.70045638297873,2009
397,2008-07-01,2011-11-30,1248,8597.731757392563,6.889208138936349,73.28334306418219,-166.01775990338163,2008
398,2009-07-01,2009-11-30,153,2351.2971161433347,15.367955007472776,72.39327868852459,-175.85705262295082,2009
399,2009-07-01,2009-11-30,153,1528.2407180618154,9.988501425240624,72.0041448497854,-174.59122854077253,2009
401,2009-07-01,2010-11-30,518,3379.150158974507,6.523455905356191,71.34511379844962,-177.59220015503877,2009
402,2009-07-17,2009-10-16,92,1037.516972840148,11.27735840043639,72.26390079365079,-177.11604523809524,2009
403,2009-07-01,2010-11-27,515,5692.301612550595,11.053012839904067,76.64060328638497,-174.51098995305165,2009
404,2009-08-27,2009-11-30,96,1277.1792734116234,13.30395076470441,71.10498962765958,-179.3579191489362,2009
405,2009-07-01,2009-09-01,63,1246.4566882354752,19.785026797388497,76.45626224899598,-168.93630562248995,2009
406,2009-07-01,2009-11-30,153,1678.9996359249901,10.973853829575098,71.44395371287129,-176.00951435643566,2009
407,2010-07-01,2010-11-30,153,1437.0717811550523,9.392626020621258,72.98177040816326,-176.48797908163266,2010
409,2010-07-01,2010-11-30,153,921.3925243526868,6.022173361782267,69.63998776595744,-179.09621010638298,2010
410,2009-08-11,2009-11-03,85,1235.1117283723577,14.530726216145384,70.071493768546,-144.0686059347181,2009
411,2010-07-01,2010-11-30,153,2482.9996580389666,16.228755934895208,73.43015923913043,-169.3045358695652,2010
412,2010-07-01,2010-11-30,153,3260.7324881758977,21.311977046901294,74.90696737704917,-169.29292639344263,2010
413,2010-07-01,2010-11-30,153,3727.9222279002283,24.365504757517833,75.50720459016394,-159.95388475409834,2010
414,2010-07-01,2010-11-30,153,1865.2525399418066,12.191193071515077,71.45811770491804,-176.7017736065574,2010
415,2010-07-01,2010-11-30,153,2059.2978895930273,13.459463330673382,72.11911491525424,-170.52395016949154,2010
416,2010-07-01,2010-11-30,153,1791.2469952309193,11.707496700855682,71.68911157556269,-174.10639453376206,2010
418,2010-07-01,2010-11-30,153,1292.6210951125963,8.448503889624812,71.14164049180327,-176.0328570491803,2010
419,2010-07-01,2010-10-21,113,993.3919691138753,8.791079372689163,71.35598530805687,-177.05586682464457,2010
422,2010-07-01,2010-11-30,153,1705.2370925218138,11.145340473998782,72.11007430340557,-172.02013839009288,2010
423,2010-07-01,2011-11-30,518,3643.1788610314434,7.033163824385026,71.44555297029703,-175.43941472772278,2010
425,2010-07-01,2015-07-24,1850,5211.812399554937,2.817195891651317,71.13157852760736,-172.79640319018404,2010
426,2010-07-01,2010-11-30,153,2080.8324764322306,13.600212264262945,71.40693475409836,-174.30196393442623,2010
427,2011-07-01,2011-08-04,35,377.54183120606916,10.786909463030547,72.5460282051282,-176.63801794871796,2011
428,2011-07-01,2011-11-30,153,3818.737241074951,24.959066935130398,73.15061344262296,-149.03566180327869,2011
430,2011-07-01,2011-11-30,153,3349.599425667435,21.892806703708725,75.23835745454545,-169.61618727272727,2011
431,2011-07-01,2011-11-30,153,1162.0924185299891,7.595375284509733,71.02260635696821,-153.70396968215158,2011
432,2011-07-01,2011-11-30,153,3526.8074439898373,23.051029045685212,72.29751163934426,-148.86709278688525,2011
433,2011-07-01,2011-08-17,48,1203.2631616452704,25.067982534276467,76.13651105263158,-161.75958210526315,2011
435,2011-07-01,2011-11-30,153,3269.051177665792,21.366347566443082,74.39193868852459,-143.61346590163936,2011
436,2011-07-01,2011-11-30,153,2205.422097783724,14.4145235149263,70.78170672131147,-149.51534295081967,2011
437,2011-07-01,2011-11-30,153,2475.32662346799,16.178605382143726,76.75986803278688,-134.8186337704918,2011
438,2011-07-01,2011-11-30,153,1246.2163693251134,8.145205028268714,72.15429246861925,-174.01542384937238,2011
440,2012-07-01,2012-11-30,153,5042.066018323545,32.95467985832382,74.70584311475409,-138.25057409836066,2012
441,2012-07-01,2012-11-30,153,2810.7376763865955,18.370834486186897,77.44326998254799,-129.15621832460732,2012
442,2012-07-01,2012-11-30,153,3197.6960400181442,20.899974117765648,75.63060698113208,-132.7759783018868,2012
443,2012-07-01,2012-11-30,153,2882.8876570936973,18.842402987540506,78.64698392857143,-139.52054241071428,2012
444,2012-07-01,2015-10-28,1215,12037.874633521698,9.907715747754484,73.05802894117647,-151.001181,2012
447,2013-07-01,2013-11-11,134,4485.518214217146,33.474016524008555,73.54415996240601,-152.72818684210526,2013
450,2013-07-01,2013-11-30,153,2956.9196018207094,19.326271907324898,72.64480475409836,-142.8990557377049,2013
451,2013-07-01,2014-11-30,518,5935.662734111589,11.45880836701079,71.41908412438626,-146.2667055646481,2013
452,2013-07-01,2013-10-16,108,2125.120567420913,19.67704229093438,71.86857102803738,-130.09596098130842,2013
453,2014-07-01,2014-10-16,108,1610.3219334379621,14.910388272573723,73.93355839793281,-167.0528023255814,2014
454,2014-07-01,2015-11-06,494,5376.756046858699,10.884121552345544,74.1745365008881,-151.08483126110124,2014
455,2014-07-01,2014-11-30,153,1484.3835835432885,9.701853487211036,70.60195639344263,-148.75862901639343,2014
456,2014-07-01,2014-11-30,153,3343.513752807595,21.85303106410193,72.74756196721312,-142.29337114754097,2014
457,2014-07-01,2014-11-30,153,3723.097985226298,24.333973759649005,72.98925032786885,-153.5540262295082,2014
458,2014-07-01,2014-11-30,153,2214.9007406178534,14.47647542887486,73.41236484149856,-172.0629501440922,2014
459,2015-07-01,2015-11-30,153,2686.5736589405433,17.559304960395707,77.18579092465754,-157.53665171232876,2015
463,2011-07-01,2011-11-30,153,999.5226806079128,6.532827977829495,73.2702965116279,-176.7381854651163,2011
465,2011-07-01,2011-11-30,153,842.328616233916,5.505415792378536,70.36051222222223,-177.56076888888887,2011
466,2015-07-01,2015-08-03,34,983.953936669027,28.93982166673609,72.9010395522388,-173.24632014925373,2015
467,2011-07-01,2015-08-02,1494,936.7751899431651,0.627024892866911,73.51828642857143,-173.8043292857143,2011
468,2011-07-01,2012-10-31,489,2717.567441601302,5.557397631086507,71.09931097694842,-176.5631447859495,2011
469,2011-07-01,2011-11-30,153,1524.908714441638,9.966723623801556,72.13248964143426,-174.89236494023905,2011
470,2011-07-01,2011-11-30,153,916.4254357312275,5.98970873026946,70.81946319444445,-177.48211597222223,2011
471,2011-07-01,2011-11-30,153,817.9568510077319,5.3461232092008615,72.51061036585367,-175.096,2011
472,2011-11-20,2011-11-22,3,32.851452632832604,10.950484210944202,70.07084285714286,-179.96965714285716,2011
473,2013-07-01,2013-11-30,153,2435.153998908898,15.916039208554889,75.44627360655738,-153.19995098360656,2013
474,2013-07-01,2013-11-30,153,3665.228824357691,23.955743950050266,72.51173428030302,-171.00536117424244,2013
475,2013-07-01,2013-09-09,71,1326.122913146952,18.677787509112,72.16531075268817,-170.42440788530467,2013
477,2013-07-01,2013-08-28,59,1138.1003632668182,19.289836665539294,71.7324125,-173.1855448275862,2013
479,2013-07-01,2013-09-21,83,1351.0943762576228,16.278245497079794,72.24371006097562,-171.65497957317072,2013
480,2013-07-01,2013-11-14,137,3188.037584221071,23.27034733008081,72.79031012396695,-170.68184710743802,2013
482,2013-07-01,2013-10-21,113,1593.7248028070999,14.10375931687699,71.23112822222222,-177.92090466666667,2013
483,2015-07-01,2015-08-14,45,1000.4591829096336,22.232426286880745,73.52155056179775,-170.0171466292135,2015
484,2015-07-01,2015-08-11,42,1063.5895626958027,25.32356101656673,72.98719337349397,-166.6583265060241,2015
485,2015-07-01,2015-11-30,153,1592.8079441295447,10.410509438755193,71.17465950819673,-178.47193655737703,2015
486,2015-07-01,2015-11-30,153,1505.9479396658596,9.842796991280128,73.25753237704917,-173.00272336065572,2015
488,2015-07-01,2015-08-26,57,442.985264722169,7.771671310915246,71.70565060240965,-178.30202409638554,2015
489,2015-07-01,2016-08-16,413,1575.3858288281467,3.8144935322715416,71.38076997084548,-177.8877973760933,2015
491,2015-07-01,2015-11-18,141,1268.1494513737634,8.993967740239457,73.28240569948187,-167.801396373057,2015
492,2015-07-01,2015-07-25,25,698.3860726162493,27.93544290464997,72.31931428571428,-171.88165204081633,2015
493,2015-07-01,2015-11-30,153,1380.230865745673,9.021116769579562,72.58877562500001,-173.168643125,2015
495,2015-07-01,2015-11-30,153,521.978386118125,3.411623438680555,71.13587687747035,-179.18347648221342,2015
500,2016-07-01,2016-11-30,153,2166.6908512062178,14.161378112458939,71.22412329113924,-163.60424177215188,2016
501,2016-07-01,2016-11-03,126,3303.0402559604227,26.2146052060351,74.4480842,-159.5029066,2016
503,2016-07-01,2016-11-30,153,1996.0752393644452,13.046243394538857,71.47555901639345,-174.32106295081968,2016
505,2016-07-01,2016-11-30,153,2170.9141049120685,14.188981077856656,71.911135,-173.38752705882354,2016
507,2016-07-01,2016-11-30,153,1436.619101281228,9.389667328635477,71.17637146282974,-177.98308968824938,2016
508,2017-07-01,2017-09-07,69,1147.4326301001067,16.629458407247924,74.3402687732342,-177.5303501858736,2017
510,2017-07-01,2017-11-30,153,1422.4573535916768,9.29710688622011,71.08071704918032,-178.61834213114753,2017
511,2017-07-01,2017-09-08,70,1235.9008189085987,17.65572598440855,73.62590263157895,-174.84684789473687,2017
512,2017-07-01,2017-10-14,106,1579.1033284170753,14.897201211481843,73.72540494505495,-176.2858936813187,2017
514,2017-07-01,2017-08-31,62,569.8902514514793,9.191778249217409,71.67766593406593,-178.2832543956044,2017
515,2017-08-25,2017-11-30,98,577.8732920950398,5.8966662458677535,71.31127442922374,-178.96876392694062,2017
516,2017-07-01,2017-11-24,147,1229.2413799516905,8.362186258174766,71.28217351916376,-179.01154843205575,2017
517,2017-07-01,2017-11-30,153,543.4033195303431,3.551655683204857,70.9625084468665,-179.7190825613079,2017
518,2017-07-01,2017-11-30,153,845.6467854352095,5.527103172779147,71.14017770114943,-179.02637908045978,2017
519,2017-08-28,2017-11-14,79,464.34098554282025,5.877733994212915,71.08014388489208,-179.72130215827337,2017
521,2017-07-01,2017-08-26,57,381.1729372239729,6.6872445127012785,70.52703300970875,-178.90667961165047,2017
522,2017-07-09,2017-07-10,2,10.187866003080767,5.093933001540384,69.9356,-179.262,2017
524,2016-07-01,2016-11-30,153,2342.9695935011123,15.31352675490923,73.99008967213115,-128.41568918032786,2016
525,2016-07-01,2016-11-09,132,3374.855733340309,25.567088888941736,74.49752366412214,-128.6644507633588,2016
526,2016-07-01,2016-11-16,139,1661.7710130664575,11.955187144363004,74.08574223826714,-124.50372057761732,2016
527,2007-07-01,2008-10-28,486,4352.365477065411,8.955484520710723,70.51503732394367,-147.42577575452717,2007
528,2008-07-01,2010-11-30,883,6296.2193719955185,7.130486265000587,74.19297847790507,-139.49720049099835,2008
529,2013-07-01,2013-11-30,153,4467.568616175293,29.1997948769627,71.18714540983606,-141.70186,2013
530,2006-07-01,2007-11-30,518,5436.98117530152,10.49610265502224,74.46957504091652,-140.2986301145663,2006
531,2008-07-01,2010-11-17,870,8122.459731555103,9.336160610982876,73.76007609427609,-133.70612205387206,2008
532,2008-08-27,2009-09-17,387,332.3564328285428,0.8588021520117385,70.60878625000001,-150.8073828125,2008
533,2008-07-01,2008-11-30,153,2792.3442343828283,18.250615910998878,71.2774637704918,-155.229898852459,2008
534,2008-08-26,2008-10-10,46,312.51522879035,6.7938093215293485,70.13912430939227,-143.68275138121547,2008
535,2010-09-17,2010-11-30,75,412.33809854066527,5.497841313875537,69.62780168350169,-139.16833501683502,2010
536,2011-07-01,2014-11-30,1249,3942.003217853908,3.156127476264138,70.36873453355156,-145.79772373158755,2011
537,2008-08-21,2008-11-16,88,1350.9336277990096,15.351518497716018,70.22310744985673,-141.8649871060172,2008
539,2009-07-01,2009-10-19,111,2315.495122673796,20.860316420484647,73.35697936507937,-140.9956775510204,2009
540,2009-08-18,2009-11-09,84,1319.1445772632321,15.704102110276573,70.22177747747749,-144.82693513513516,2009
541,2006-07-01,2007-11-16,504,5599.996123001932,11.111103418654626,74.6729407373272,-151.49140294930876,2006
